ZIP,% of County Population,Type,Primary City,Acceptable Cities,Unacceptable Cities,
11507,0.6%,Standard,Albertson,,,
11509,0.2%,Standard,Atlantic Beach,Atlantic Bch,,
11510,3%,Standard,Baldwin,"N Baldwin, North Baldwin",Baldwin Harbor,
11709,0.5%,Standard,Bayville,,,
11710,3%,Standard,Bellmore,"N Bellmore, North Bellmore",,
11714,2%,Standard,Bethpage,,,
11514,0.3%,Standard,Carle Place,,,
11516,0.6%,Standard,Cedarhurst,,,
11554,3%,Standard,East Meadow,,E Meadow,
11732,0.3%,Standard,East Norwich,,"E Norwich, Muttontown, Upper Brookville",
11518,0.8%,Standard,East Rockaway,,E Rockaway,
11003,3%,Standard,Elmont,"Alden Manor, Floral Park, Meacham","Argo Village, Locustwood",
11735,2%,Standard,Farmingdale,"S Farmingdale, South Farmingdale","E Farmingdale, East Farmingdale",
11001,2%,Standard,Floral Park,"Bellerose Vil, Bellerose Village, S Floral Park, South Floral Park","Bellerose Terrace, Bellrose Village, So Floral Park",
11010,2%,Standard,Franklin Square,Franklin Sq,,
11520,3%,Standard,Freeport,,,
11530,2%,Standard,Garden City,"Garden City S, Garden City South, Stewart Manor","Mitchell Field, Roosevelt Field",
11542,2%,Standard,Glen Cove,,,
11545,0.9%,Standard,Glen Head,,"Brookville, Muttontown, Old Brookville, Roslyn Harbor, Upper Brookville",
11547,0.1%,PO Box,Glenwood Landing,Glenwood Lndg,,
11020,0.4%,Standard,Great Neck,Lake Success,"Great Nk, Grt Neck, Gt Neck, University Gardens",
11021,1%,Standard,Great Neck,"Great Nck Plz, Great Neck Plaza","Allenwood, Great Neck Estates, Kensington, Russell Gardens, Saddle Rock Estates, Thomaston",
11023,0.7%,Standard,Great Neck,,"Harbor Hills, Old Village, Saddle Rock",
11024,0.6%,Standard,Great Neck,Kings Point,"Kenilworth, Usmma",
11548,0.2%,Standard,Greenvale,,"Brookville, E Hills, East Hills, Old Brookville, Roslyn Harbor",
11550,4%,Standard,Hempstead,"S Hempstead, South Hempstead",,
11549,0.2%,Unique,Hempstead,Hofstra Univ,Hoffmeister,
11557,0.6%,Standard,Hewlett,,"Hewlett Bay, Hewlett Bay Park, Hewlett Harbor",
11801,3%,Standard,Hicksville,,,
11096,0.6%,Standard,Inwood,Far Rockaway,Inwood Finance,
11558,0.6%,Standard,Island Park,,"Barnum Island, Harbor Island, Harbor Isle",
11753,0.9%,Standard,Jericho,,Muttontown,
11559,0.6%,Standard,Lawrence,,Meadowmere Park,
11756,3%,Standard,Levittown,,"Island Trees, Plainedge",
11560,0.5%,Standard,Locust Valley,,"Lattingtown, Matinecock",
11561,3%,Standard,Long Beach,"E Atlantc Bch, E Atlantic Beach, East Atlantic Beach, Lido Beach",,
11563,2%,Standard,Lynbrook,,,
11565,0.6%,Standard,Malverne,,,
11030,1%,Standard,Manhasset,Plandome,,
11758,4%,Standard,Massapequa,"N Massapequa, North Massapequa","E Massapequa, East Massapequa",
11762,2%,Standard,Massapequa Park,Massapequa Pk,Bar Harbor,
11566,3%,Standard,Merrick,"N Merrick, North Merrick",,
11765,0.1%,Standard,Mill Neck,,,
11501,1%,Standard,Mineola,,,
11040,3%,Standard,New Hyde Park,"Garden City P, Garden City Park, Hillside Manor, Hillside Mnr, Manhasset Hil, Manhasset Hills, N New Hyde Pk, North Hills, North New Hyde Park","Gdn City Park, Herricks, Lake Success, Lakeville Estates, N H P, No New Hyde Park",
11042,0.0%,Standard,New Hyde Park,"N New Hyde Pk, North New Hyde Park",Lake Success,
11572,2%,Standard,Oceanside,"Rockville Centre, Rockville Ctr","Rockville Center, Rvc",
11804,0.4%,Standard,Old Bethpage,,Hicksville,
11568,0.3%,Standard,Old Westbury,Westbury,,
11771,0.7%,Standard,Oyster Bay,,"Centre Island, Cove Neck, Laurel Hollow, Muttontown, Oyster Bay Cove, Upper Brookville",
11803,2%,Standard,Plainview,,Hicksville,
11569,0.1%,PO Box,Point Lookout,,Pt Lookout,
11050,2%,Standard,Port Washington,"Prt Washingtn, Sands Point","Baxter Estates, Harbor Acres, Manorhaven, Port Wash, Pr Wash, Pr Wshngtn, Pt Wash, The Terrace",
11570,2%,Standard,Rockville Centre,Rockville Ctr,"Lakeview, Rockville Center, Rvc",
11575,1%,Standard,Roosevelt,,,
11576,0.9%,Standard,Roslyn,,"E Hills, East Hills, Roslyn Estates, Roslyn Harbor",
11577,0.9%,Standard,Roslyn Heights,Roslyn Hts,"E Hills, East Hills",
11579,0.4%,Standard,Sea Cliff,,,
11783,2%,Standard,Seaford,,,
11791,2%,Standard,Syosset,,"Laurel Hollow, Muttontown, Oyster Bay Cove",
11553,2%,Standard,Uniondale,,Mitchell Field,
11556,0.0%,Standard,Uniondale,,,
11580,3%,Standard,Valley Stream,,"N Valley Stream, North Valley Stream",
11581,2%,Standard,Valley Stream,,"N Woodmere, North Woodmere",
11793,2%,Standard,Wantagh,,"Briar Park, N Wantagh",
11552,2%,Standard,West Hempstead,W Hempstead,Lakeview,
11590,3%,Standard,Westbury,,New Cassel,
11596,0.8%,Standard,Williston Park,"E Williston, East Williston, Williston Pk",,
11797,0.7%,Standard,Woodbury,,,
11598,1.0%,Standard,Woodmere,,"Hewlett Neck, Woodsburgh",
11930,0.1%,PO Box,Amagansett,,"Beach Hampton, Promised Land",
11701,2%,Standard,Amityville,Amity Harbor,"N Amityville, North Amityville",
11931,0.0%,PO Box,Aquebogue,,,
11702,1.0%,Standard,Babylon,"Captree Is, Captree Island, Gilgo Beach, Oak Beach, Oak Island, W Gilgo Beach, West Gilgo Beach",,
11706,4%,Standard,Bay Shore,"Fair Harbor, Kismet, Point O Woods, Saltaire","Bayshore, N Bay Shore, North Bay Shore, W Bay Shore, West Bay Shore",
11705,0.5%,Standard,Bayport,,Bay Port,
11713,0.7%,Standard,Bellport,,"N Bellport, North Bellport",
11715,0.3%,Standard,Blue Point,,,
11716,0.7%,Standard,Bohemia,,,
11717,4%,Standard,Brentwood,"Edgewood, W Brentwood, West Brentwood",Pine Air,
11932,0.1%,PO Box,Bridgehampton,,Bridge Hampton,
11718,0.2%,Standard,Brightwaters,,,
11719,0.2%,Standard,Brookhaven,,S Haven,
11933,0.5%,Standard,Calverton,"Baiting Hollo, Baiting Hollow",,
11934,0.5%,Standard,Center Moriches,Ctr Moriches,,
11720,2%,Standard,Centereach,"S Setauket, South Setauket",,
11721,0.4%,Standard,Centerport,,Center Port,
11722,2%,Standard,Central Islip,,"S Hauppauge, South Hauppauge",
11724,0.2%,Standard,Cold Spring Harbor,Cold Spg Hbr,,
11725,2%,Standard,Commack,,,
11726,1%,Standard,Copiague,,Marconiville,
11727,2%,Standard,Coram,,,
11935,0.2%,Standard,Cutchogue,,Nassau Point,
11729,2%,Standard,Deer Park,,Deerpark,
11937,1.0%,Standard,East Hampton,,E Hampton,
11730,1.0%,Standard,East Islip,,E Islip,
11939,0.1%,Standard,East Marion,,E Marion,
11940,0.3%,Standard,East Moriches,,E Moriches,
11731,2%,Standard,East Northport,"E Northport, Elwood",,
11942,0.3%,Standard,East Quogue,,E Quogue,
11733,1%,Standard,East Setauket,Setauket,"E Setauket, Old Field, Poquott, Strongs Neck",
11941,0.1%,Standard,Eastport,,,
11735,0.4%,Standard,Farmingdale,"S Farmingdale, South Farmingdale","E Farmingdale, East Farmingdale",
11738,1%,Standard,Farmingville,,,
06390,0.0%,PO Box,Fishers Island,Fishers Isle,,
11739,0.1%,PO Box,Great River,,,
11740,0.6%,Standard,Greenlawn,,,
11944,0.3%,Standard,Greenport,,,
11946,0.9%,Standard,Hampton Bays,,,
11788,1%,Standard,Hauppauge,Smithtown,,
11741,2%,Standard,Holbrook,,,
11742,0.9%,Standard,Holtsville,,,
11743,3%,Standard,Huntington,"Halesite, Lloyd Harbor","Bay Hills, Baycrest, Beech Croft, Cold Spring Hills, Harbor Heights, Hunt, Huntington Bay, Knollwood Beach, Lloyd Neck, W Hills, West Hills, Wincoma",
11746,5%,Standard,Huntington Station,"Dix Hills, Huntingtn Sta","S Huntington, So Huntington, South Huntington",
11749,0.2%,Standard,Islandia,"Central Islip, Hauppauge, Ronkonkoma",,
11751,1.0%,Standard,Islip,,"Bayberry Point, Islip Manor",
11752,0.6%,Standard,Islip Terrace,,,
11947,0.0%,PO Box,Jamesport,,,
11754,1%,Standard,Kings Park,,San Remo,
11755,0.8%,Standard,Lake Grove,,Lk Grove,
11948,0.1%,Standard,Laurel,,,
11757,3%,Standard,Lindenhurst,,"Heer Park, N Lindenhurst, North Lindenhurst",
11949,1.0%,Standard,Manorville,,,
11950,1%,Standard,Mastic,,"Manor Park, Rivers Edge",
11951,0.9%,Standard,Mastic Beach,,"Old Mastic, Village Of Mastic Beach",
11952,0.3%,Standard,Mattituck,,,
11763,2%,Standard,Medford,,Gordon Heights,
11747,1%,Standard,Melville,"Huntingtn Sta, Huntington Station",Dix Hills,
11953,0.9%,Standard,Middle Island,,,
11764,0.9%,Standard,Miller Place,,,
11954,0.2%,Standard,Montauk,,Hither Plains,
11955,0.2%,Standard,Moriches,,,
11766,0.8%,Standard,Mount Sinai,,Mt Sinai,
11767,1.0%,Standard,Nesconset,,,
11956,0.0%,PO Box,New Suffolk,,,
11703,1%,Standard,North Babylon,Babylon,N Babylon,
11768,2%,Standard,Northport,Fort Salonga,"Asharoken, Crab Meadow, Eatons Neck, Sunken Meadow",
11769,0.6%,Standard,Oakdale,,,
11770,0.0%,PO Box,Ocean Beach,,"Corneil Estates, Fire Island, Ocean Bay Park, Seaview",
11957,0.0%,Standard,Orient,,Orient Point,
11772,3%,Standard,Patchogue,"Davis Park, E Patchogue, East Patchogue","Canaan Lake, N Patchogue, North Patchogue",
11958,0.0%,Standard,Peconic,,,
11777,0.6%,Standard,Port Jefferson,"Port Jeff Sta, Port Jefferson Station, Prt Jefferson","Belle Terre, P J S, Pjs, Pt Jefferson Station",
11776,2%,Standard,Port Jefferson Station,Port Jeff Sta,"P J S, Pjs, Prt Jeff Sta, Prt Jefferson Station, Terryville",
11959,0.1%,PO Box,Quogue,,,
11960,0.1%,PO Box,Remsenburg,,,
11961,0.9%,Standard,Ridge,,"Lake Panamoka, Panamoka",
11901,2%,Standard,Riverhead,Flanders,Northampton,
11778,0.9%,Standard,Rocky Point,,,
11779,3%,Standard,Ronkonkoma,"Lake Ronkonkoma, Lk Ronkonkoma",Lake Ronkonkoma Heights,
11963,0.4%,Standard,Sag Harbor,,"Bay Point, N Haven, North Haven, Pine Neck",
11962,0.0%,PO Box,Sagaponack,,,
11780,1.0%,Standard,Saint James,,"Box Hill, Deer Wells, Flowerfield, Head Of The Harbor, Nissequogue, St James",
11782,1%,Standard,Sayville,"Cherry Grove, Fire Is Pines, Fire Island Pines",,
11784,2%,Standard,Selden,,Old Westfield,
11964,0.1%,PO Box,Shelter Island,Shelter Is,,
11965,0.0%,PO Box,Shelter Island Heights,Shelter Is Ht,,
11967,2%,Standard,Shirley,"E Yaphank, East Yaphank, Smith Point",Smiths Point,
11786,0.4%,Standard,Shoreham,,,
11787,2%,Standard,Smithtown,,Village Of The Branch,
11789,0.5%,Standard,Sound Beach,,Scotts Beach,
11970,0.0%,PO Box,South Jamesport,S Jamesport,,
11968,0.8%,Standard,Southampton,,"S Hampton, South Hampton",
11971,0.4%,Standard,Southold,,,
11972,0.1%,PO Box,Speonk,,,
11790,1%,Standard,Stony Brook,,"Head Of The Harbor, Stonybrook",
11794,0.2%,Unique,Stony Brook,,"Stonybrook, Suny Stony Brook",
11973,0.0%,PO Box,Upton,,,
11792,0.6%,Standard,Wading River,,"Wildwood, Willwood",
11975,0.0%,PO Box,Wainscott,,,
11976,0.1%,Standard,Water Mill,,"Watermill, Wtr Mill",
11704,3%,Standard,West Babylon,Babylon,W Babylon,
11795,2%,Standard,West Islip,,W Islip,
11796,0.3%,Standard,West Sayville,,W Sayville,
11977,0.2%,Standard,Westhampton,,"W Hampton, West Hampton",
11978,0.2%,Standard,Westhampton Beach,W Hampton Bch,"Quioque, W Hampton Beach, West Hampton Beach, West Hampton Dunes, Westhampton Dunes",
11798,1.0%,Standard,Wyandanch,"Wheatley Heights, Wheatley Hts",,
11980,0.3%,Standard,Yaphank,,Carver Park,
10501,0.1%,Standard,Amawalk,,,
10502,0.6%,Standard,Ardsley,,Chauncey,
10503,0.0%,PO Box,Ardsley On Hudson,Ardsley Hdsn,,
10504,0.8%,Standard,Armonk,North Castle,,
10505,0.1%,Standard,Baldwin Place,,,
10506,0.6%,Standard,Bedford,,"Banksville, Bedford Village",
10507,0.7%,Standard,Bedford Hills,,,
10509,0.0%,Standard,Brewster,,"Sears Corners, Southeast",
10510,1%,Standard,Briarcliff Manor,"Briarcliff, Scarborough",Briarcliff Mnr,
10708,2%,Standard,Bronxville,Yonkers,,
10511,0.2%,Standard,Buchanan,,,
10514,1%,Standard,Chappaqua,,,
10567,2%,Standard,Cortlandt Manor,Cortlandt Mnr,,
10517,0.1%,PO Box,Crompond,,,
10518,0.1%,Standard,Cross River,,,
10519,0.0%,PO Box,Croton Falls,,,
10520,1%,Standard,Croton On Hudson,Croton Hdsn,"Croton, Croton Hudson",
10522,1%,Standard,Dobbs Ferry,,,
10709,1.0%,Standard,Eastchester,Yonkers,,
10523,0.8%,Standard,Elmsford,,,
10526,0.2%,Standard,Goldens Bridge,Goldens Brg,,
10527,0.1%,Standard,Granite Springs,Granite Spgs,,
10528,1%,Standard,Harrison,,,
10530,1%,Standard,Hartsdale,,,
10706,0.9%,Standard,Hastings On Hudson,"Hastings Hdsn, Yonkers",Hastings Hudson,
10532,0.5%,Standard,Hawthorne,,,
10533,0.8%,Standard,Irvington,,"East Irvington, Irvington On Hudson",
10535,0.1%,Standard,Jefferson Valley,Jefferson Vly,,
10536,1%,Standard,Katonah,,Lake Katonah,
10537,0.0%,Standard,Lake Peekskill,Lk Peekskill,,
10538,2%,Standard,Larchmont,,,
10541,0.1%,Standard,Mahopac,"Lake Lincolnd, Lake Lincolndale","Lake Mahopac, Lake Secor",
10543,2%,Standard,Mamaroneck,,,
10545,0.0%,PO Box,Maryknoll,,,
10546,0.1%,Standard,Millwood,,,
10547,0.8%,Standard,Mohegan Lake,,Lake Mohegan,
10548,0.4%,Standard,Montrose,,,
10549,2%,Standard,Mount Kisco,"Bedford Corners, Bedford Cors",,
10550,4%,Standard,Mount Vernon,,,
10552,2%,Standard,Mount Vernon,Fleetwood,Mt Vernon,
10553,1%,Standard,Mount Vernon,,Mt Vernon,
10801,4%,Standard,New Rochelle,,,
10804,2%,Standard,New Rochelle,Wykagyl,,
10805,2%,Standard,New Rochelle,,,
10560,0.5%,Standard,North Salem,,,
10562,3%,Standard,Ossining,,"Crotonville, Kitchawan",
10566,3%,Standard,Peekskill,,,
10803,1%,Standard,Pelham,,"New Rochelle, Pelham Manor",
10570,1%,Standard,Pleasantville,,,
10573,4%,Standard,Port Chester,Rye Brook,Portchester,
10576,0.5%,Standard,Pound Ridge,,Scotts Corners,
10577,0.7%,Standard,Purchase,,,
10578,0.1%,Standard,Purdys,,Purdy Station,
10580,2%,Standard,Rye,,,
10583,4%,Standard,Scarsdale,Heathcote,"Edgemont, Scarsdale Park",
10588,0.2%,Standard,Shrub Oak,,,
10589,0.9%,Standard,Somers,,Somers Town,
10590,0.7%,Standard,South Salem,,"Lake Kitchawan, Lewisboro",
10591,2%,Standard,Tarrytown,"N Tarrytown, North Tarrytown, Sleepy Hollow","Philipse Manor, Pocantico Hills, Sleepy Hollow Manor",
10594,0.5%,Standard,Thornwood,,,
10707,1%,Standard,Tuckahoe,"Eastchester, Yonkers",,
10595,0.9%,Standard,Valhalla,,East View,
10596,0.2%,PO Box,Verplanck,,,
10597,0.1%,Standard,Waccabuc,,,
10604,1%,Standard,West Harrison,"W Harrison, White Plains","East White Plains, Westchester County Airport",
10601,1%,Standard,White Plains,,,
10603,2%,Standard,White Plains,"N White Plains, N White Plns",North White Plains,
10605,2%,Standard,White Plains,,Gedney,
10606,2%,Standard,White Plains,,,
10607,0.7%,Standard,White Plains,,Greenburgh,
10701,7%,Standard,Yonkers,,,
10703,2%,Standard,Yonkers,,,
10704,3%,Standard,Yonkers,,,
10705,4%,Standard,Yonkers,,,
10710,3%,Standard,Yonkers,,Centuck,
10598,3%,Standard,Yorktown Heights,Yorktown Hts,"Yorktown, Yorktown Hgts",
10913,2%,Standard,Blauvelt,,,
10920,3%,Standard,Congers,,,
10923,3%,Standard,Garnerville,,,
10927,4%,Standard,Haverstraw,,,
10931,0.3%,Standard,Hillburn,,,
10952,13%,Standard,Monsey,"Airmont, Kaser","Chestnut Ridge, Suffern, Wesley Hills",
10954,7%,Standard,Nanuet,Bardonia,,
10956,10%,Standard,New City,,Clarkstown,
10960,5%,Standard,Nyack,"Grand View-on-hudson, Grnd Vw Hudsn","Central Nyack, Grandview, Grandview On Hudson, South Nyack, Upper Grandview, Upper Nyack",
10962,2%,Standard,Orangeburg,,,
10964,0.5%,Standard,Palisades,,,
10965,5%,Standard,Pearl River,,Chestnut Ridge,
10968,0.8%,Standard,Piermont,,Grand View-on-hudson,
10970,3%,Standard,Pomona,,Mount Ivy,
10974,1.0%,Standard,Sloatsburg,,,
10976,0.7%,Standard,Sparkill,,,
10977,19%,Standard,Spring Valley,"Chestnut Rdg, Chestnut Ridge, New Square","Kaser, New Hempstead, Wesley Hills",
10980,4%,Standard,Stony Point,,Grassy Point,
10901,8%,Standard,Suffern,"Airmont, Montebello",,
10983,2%,Standard,Tappan,,,
10984,0.9%,Standard,Thiells,,,
10986,0.6%,Standard,Tomkins Cove,,,
10989,3%,Standard,Valley Cottage,Vly Cottage,,
10993,2%,Standard,West Haverstraw,W Haverstraw,,
10994,2%,Standard,West Nyack,,,
10509,20%,Standard,Brewster,,"Sears Corners, Southeast",
10512,26%,Standard,Carmel,Kent Lakes,Lake Carmel,
10516,5%,Standard,Cold Spring,Nelsonville,"North Highland, Philipstown",
10524,4%,Standard,Garrison,,Manitou,
12531,0.7%,Standard,Holmes,,"Homes, Whaley Lake",
12533,0.1%,Standard,Hopewell Junction,"East Fishkill, Hopewell, Hopewell Jct, Wiccopee",,
10537,2%,Standard,Lake Peekskill,Lk Peekskill,,
10541,25%,Standard,Mahopac,"Lake Lincolnd, Lake Lincolndale","Lake Mahopac, Lake Secor",
12563,8%,Standard,Patterson,,,
10579,9%,Standard,Putnam Valley,,"Adams Corners, Crofts Corners, Oscawana Lake, Tompkins Corners",
10588,0.1%,Standard,Shrub Oak,,,
12582,0.0%,Standard,Stormville,,,
07002,10%,Standard,Bayonne,,"Bergen Point, Pamrapo",
07029,3%,Standard,Harrison,East Newark,,
07030,8%,Standard,Hoboken,,"Castle Point, Uptown, Washington Street",
07302,6%,Standard,Jersey City,,,
07304,7%,Standard,Jersey City,,,
07305,10%,Standard,Jersey City,,"Ellis Island, Greenville",
07306,8%,Standard,Jersey City,,,
07307,7%,Standard,Jersey City,,,
07310,2%,Standard,Jersey City,,,
07311,0.1%,Standard,Jersey City,,,
07032,6%,Standard,Kearny,,"Arlington, South Kearny, West Arlington",
07047,10%,Standard,North Bergen,,"Tyler Park, Woodcliff",
07094,3%,Standard,Secaucus,,,
07087,11%,Standard,Union City,,"Bergenline, Summit Avenue, Weehawken",
07086,2%,Standard,Weehawken,,Union City,
07093,10%,Standard,West New York,Guttenberg,"Monitor, Taurus",
07401,0.7%,Standard,Allendale,,,
07620,0.2%,PO Box,Alpine,,,
07621,3%,Standard,Bergenfield,,,
07603,0.9%,Standard,Bogota,,,
07072,0.7%,Standard,Carlstadt,,,
07010,3%,Standard,Cliffside Park,Cliffside Pk,Cliff Park,
07624,0.9%,Standard,Closter,,,
07626,0.9%,Standard,Cresskill,,,
07627,0.5%,Standard,Demarest,,,
07628,2%,Standard,Dumont,,,
07073,1.0%,Standard,East Rutherford,E Rutherford,,
07020,1%,Standard,Edgewater,,,
07407,2%,Standard,Elmwood Park,,,
07630,0.8%,Standard,Emerson,,,
07631,3%,Standard,Englewood,,,
07632,0.6%,Standard,Englewood Cliffs,"Englewd Clfs, Englewood",,
07410,4%,Standard,Fair Lawn,,"Fairlawn, Radburn",
07022,2%,Standard,Fairview,,,
07024,4%,Standard,Fort Lee,,"Palisade, West Fort Lee",
07417,1%,Standard,Franklin Lakes,Franklin Lks,,
07026,3%,Standard,Garfield,,"Outwater, Ritz",
07452,1%,Standard,Glen Rock,,Ridgewood,
07601,5%,Standard,Hackensack,,Hack,
07640,0.5%,Standard,Harrington Park,Harrington Pk,,
07604,1%,Standard,Hasbrouck Heights,Hasbrouck Hts,,
07641,0.4%,Standard,Haworth,,,
07642,1%,Standard,Hillsdale,,,
07423,0.5%,Standard,Ho Ho Kus,,,
07605,1.0%,Standard,Leonia,,,
07643,1%,Standard,Little Ferry,,,
07644,3%,Standard,Lodi,,,
07071,2%,Standard,Lyndhurst,,,
07430,3%,Standard,Mahwah,,,
07495,0.0%,Standard,Mahwah,,,
07607,1%,Standard,Maywood,,,
07432,0.8%,Standard,Midland Park,,Midland Pk,
07645,0.9%,Standard,Montvale,,,
07074,0.3%,Standard,Moonachie,,,
07646,2%,Standard,New Milford,,N Milford,
07031,2%,Standard,North Arlington,N Arlington,,
07647,0.6%,Standard,Northvale,Rockleigh,,
07648,0.6%,Standard,Norwood,,,
07436,1%,Standard,Oakland,,,
07649,0.9%,Standard,Oradell,,,
07650,2%,Standard,Palisades Park,Palisades Pk,,
07652,3%,Standard,Paramus,,,
07656,1.0%,Standard,Park Ridge,,,
07446,2%,Standard,Ramsey,,Darlington,
07657,1%,Standard,Ridgefield,,Morsemere,
07660,1%,Standard,Ridgefield Park,Ridgefield Pk,,
07450,3%,Standard,Ridgewood,,,
07661,1%,Standard,River Edge,,,
07662,0.6%,Standard,Rochelle Park,,,
07070,2%,Standard,Rutherford,,,
07663,2%,Standard,Saddle Brook,,,
07458,1%,Standard,Saddle River,"U Saddle Riv, Upper Saddle River",,
07606,0.3%,Standard,South Hackensack,S Hackensack,,
07666,4%,Standard,Teaneck,,West Englewood,
07670,2%,Standard,Tenafly,,,
07608,0.0%,Standard,Teterboro,,,
07676,1.0%,Standard,Township Of Washington,"Twp Washingtn, Twp Washinton, Washington Twps","Hillsdale, Washington Tnshp, Washington Township, Washington Twnshp, Washington Twp, Washington Twsp",
07463,1%,Standard,Waldwick,,,
07057,1%,Standard,Wallington,,,
07675,3%,Standard,Westwood,"Old Tappan, River Vale, Rivervale",,
07075,0.8%,Standard,Wood Ridge,,Wood-ridge,
07677,0.6%,Standard,Woodcliff Lake,"Westwood, Woodcliff Lk",,
07481,2%,Standard,Wyckoff,,,
07403,2%,Standard,Bloomingdale,,,
07011,8%,Standard,Clifton,,Main Avenue Station,
07012,2%,Standard,Clifton,,Allwood,
07013,5%,Standard,Clifton,,,
07014,1.0%,Standard,Clifton,,Delawanna,
07508,5%,Standard,Haledon,"North Haledon, Paterson, Prospect Park",Prospect Pk,
07420,1.0%,Standard,Haskell,,,
07506,4%,Standard,Hawthorne,,,
07421,1%,Standard,Hewitt,,"Awosting, Greenwood Lake, Upper Greenwood Lake",
07424,5%,Standard,Little Falls,"West Paterson, Woodland Park","Great Notch, Singac, W Paterson",
07043,0.1%,Standard,Montclair,"Upper Montclair, Upr Montclair",,
07435,0.3%,Standard,Newfoundland,,"Green Pond, Greenpond",
07110,0.0%,Standard,Nutley,,,
07438,0.3%,Standard,Oak Ridge,,"Cozy Lake, Jefferson Township, Jefferson Twp, Lake Swannanoa",
07055,14%,Standard,Passaic,,"Dundee, Passaic Park",
07501,7%,Standard,Paterson,,,
07502,3%,Standard,Paterson,Totowa,Hillcrest,
07503,4%,Standard,Paterson,,South Paterson,
07504,3%,Standard,Paterson,,,
07505,0.5%,Standard,Paterson,,,
07513,2%,Standard,Paterson,,Peoples Park,
07514,4%,Standard,Paterson,,,
07522,4%,Standard,Paterson,,,
07524,3%,Standard,Paterson,,,
07442,2%,Standard,Pompton Lakes,,Pompton Falls,
07456,2%,Standard,Ringwood,,"Cupsaw Lake, Erskine, Erskine Lakes, Skyline Lakes",
07460,0.0%,Standard,Stockholm,Hardyston,"Cliffwood Lake, Gerard, Lake Stockholm, Lake Tamarack, Silver Lake",
07512,2%,Standard,Totowa,Paterson,Totowa Boro,
07465,1%,Standard,Wanaque,,Midvale,
07470,11%,Standard,Wayne,,"Lionshead Lake, Mountain View, Packanack Lake, Packanack Lk, Pines Lake, Preakness",
07480,3%,Standard,West Milford,,"Gordon Lakes, Pine Cliff Lake, Shady Lake, West Milford Lakes",
07109,5%,Standard,Belleville,,,
07003,6%,Standard,Bloomfield,,"Brookdale, Grove, North Center",
07006,3%,Standard,Caldwell,"N Caldwell, North Caldwell, W Caldwell, West Caldwell",,
07009,2%,Standard,Cedar Grove,,Overbrook,
07017,5%,Standard,East Orange,,"Ampere, Doddtown",
07018,4%,Standard,East Orange,,V A Hospital,
07021,0.3%,Standard,Essex Fells,,,
07004,0.9%,Standard,Fairfield,,,
07028,1.0%,Standard,Glen Ridge,,,
07111,7%,Standard,Irvington,,Township Of Irvington,
07039,4%,Standard,Livingston,,,
07040,3%,Standard,Maplewood,,Maplecrest,
07041,0.9%,Standard,Millburn,,,
07042,3%,Standard,Montclair,,,
07043,2%,Standard,Montclair,"Upper Montclair, Upr Montclair",,
07102,2%,Standard,Newark,,"Academy, Midtown, Washington Park",
07103,4%,Standard,Newark,,,
07104,6%,Standard,Newark,,,
07105,6%,Standard,Newark,,Ironbound,
07106,4%,Standard,Newark,,Vailsburg,
07107,5%,Standard,Newark,,Roseville,
07108,3%,Standard,Newark,,,
07112,3%,Standard,Newark,,Weequahic,
07114,2%,Standard,Newark,,,
07110,4%,Standard,Nutley,,,
07050,4%,Standard,Orange,,,
07068,0.7%,Standard,Roseland,,,
07078,2%,Standard,Short Hills,,,
07079,2%,Standard,South Orange,,,
07083,0.0%,Standard,Union,,"Chestnut, Townley, Union Center",
07044,2%,Standard,Verona,,,
07052,6%,Standard,West Orange,,Town Center,
07922,2%,Standard,Berkeley Heights,Berkeley Hts,,
07066,3%,Standard,Clark,,,
07016,4%,Standard,Cranford,,,
08812,0.0%,Standard,Dunellen,Green Brook,,
07201,5%,Standard,Elizabeth,,"Betsytown, Peterstown, Union Square",
07202,8%,Standard,Elizabeth,,"Bayway, Elmora, Parkandbush",
07208,6%,Standard,Elizabeth,,North Elizabeth,
07206,5%,Standard,Elizabethport,Elizabeth,,
07023,1%,Standard,Fanwood,,,
07027,0.8%,Standard,Garwood,,,
07205,4%,Standard,Hillside,"Ind Hillside, Industrial Hillside",,
07033,2%,Standard,Kenilworth,,,
07036,8%,Standard,Linden,Winfield Park,"Tremley, Tremley Point",
07092,1%,Standard,Mountainside,,,
07974,2%,Standard,New Providence,New Providnce,Murray Hill,
07060,5%,Standard,Plainfield,"N Plainfield, North Plainfield",Muhlenberg,
07062,2%,Standard,Plainfield,"N Plainfield, North Plainfield",,
07063,2%,Standard,Plainfield,"N Plainfield, North Plainfield",,
07065,5%,Standard,Rahway,,,
07203,4%,Standard,Roselle,,,
07204,3%,Standard,Roselle Park,,,
07076,4%,Standard,Scotch Plains,,,
07081,3%,Standard,Springfield,,,
07901,4%,Standard,Summit,,,
07083,10%,Standard,Union,,"Chestnut, Townley, Union Center",
07088,0.7%,Standard,Vauxhall,,,
07090,6%,Standard,Westfield,,,
07920,0.0%,Standard,Basking Ridge,,,
07005,3%,Standard,Boonton,"Boonton Township, Boonton Twp","Lake Intervale, Lk Intervale, Lyonsville, Meriden, Powerville, Rockaway Valley, Taylortown",
07926,0.0%,PO Box,Brookside,,,
07828,3%,Standard,Budd Lake,,Mount Olive,
07405,4%,Standard,Butler,Kinnelon,"Fayson Lake, Fayson Lakes, High Crest, Lindy Lake",
07830,0.2%,Standard,Califon,"Tewksbury Township, Tewksbury Twp",,
07927,0.7%,Standard,Cedar Knolls,,,
07928,4%,Standard,Chatham,Chatham Twp,,
07930,2%,Standard,Chester,,,
07961,0.0%,PO Box,Convent Station,"Convent Sta, Morristown",,
07834,4%,Standard,Denville,,,
07801,5%,Standard,Dover,,Victory Gardens,
07936,2%,Standard,East Hanover,,,
07931,0.2%,Standard,Far Hills,,,
07836,3%,Standard,Flanders,"Roxbury Township, Roxbury Twp",,
07932,2%,Standard,Florham Park,,,
07933,0.7%,Standard,Gillette,,,
07935,0.1%,Standard,Green Village,,,
07840,1%,Standard,Hackettstown,,Allamuchy Twp,
07842,0.0%,PO Box,Hibernia,,,
07847,0.3%,Standard,Kenvil,,,
07034,2%,Standard,Lake Hiawatha,,Lk Hiawatha,
07849,2%,Standard,Lake Hopatcong,Lk Hopatcong,,
07850,1%,Standard,Landing,,,
07852,0.7%,Standard,Ledgewood,,,
07035,2%,Standard,Lincoln Park,,,
07853,3%,Standard,Long Valley,,,
07940,4%,Standard,Madison,,,
07945,2%,Standard,Mendham,Mendham Twsp,,
07946,0.6%,Standard,Millington,,,
07803,0.7%,Standard,Mine Hill,Dover,,
07045,2%,Standard,Montville,,"Lower Montville, Montville Township",
07950,4%,Standard,Morris Plains,"Greystone Park, Greystone Pk",,
07960,9%,Standard,Morristown,,,
07856,0.8%,Standard,Mount Arlington,Mt Arlington,,
07970,0.0%,PO Box,Mount Freedom,,,
07878,0.2%,PO Box,Mount Tabor,,Tabor,
07046,0.9%,Standard,Mountain Lakes,Mountain Lks,,
07857,0.7%,Standard,Netcong,,,
07976,0.2%,Standard,New Vernon,,,
07435,0.2%,Standard,Newfoundland,,"Green Pond, Greenpond",
07438,2%,Standard,Oak Ridge,,"Cozy Lake, Jefferson Township, Jefferson Twp, Lake Swannanoa",
07054,6%,Standard,Parsippany,,"Parsippany Troy Hills, Troy Hills",
07440,0.9%,Standard,Pequannock,,Pequannock Township,
07058,1%,Standard,Pine Brook,,Pinebrook,
07444,2%,Standard,Pompton Plains,Pompton Plns,,
07865,0.1%,Standard,Port Murray,,,
07869,5%,Standard,Randolph,Dover,,
07457,0.7%,Standard,Riverdale,,Pompton Junction,
07866,5%,Standard,Rockaway,,,
07870,0.0%,PO Box,Schooleys Mountain,Schooleys Mtn,,
07980,0.5%,Standard,Stirling,,,
07460,0.0%,Standard,Stockholm,Hardyston,"Cliffwood Lake, Gerard, Lake Stockholm, Lake Tamarack, Silver Lake",
07876,2%,Standard,Succasunna,,,
07082,1%,Standard,Towaco,,,
07885,2%,Standard,Wharton,,,
07981,2%,Standard,Whippany,,,
07821,6%,Standard,Andover,"Byram Township, Byram Twp, Green Township, Green Twp",,
07822,0.6%,Standard,Augusta,,,
07826,4%,Standard,Branchville,Sandyston,,
07416,4%,Standard,Franklin,,Beaver Lake,
07418,2%,Standard,Glenwood,,,
07419,6%,Standard,Hamburg,,Hardyston,
07421,0.3%,Standard,Hewitt,,"Awosting, Greenwood Lake, Upper Greenwood Lake",
07422,4%,Standard,Highland Lakes,Highland Lks,Barry Lakes,
07843,8%,Standard,Hopatcong,,,
07848,3%,Standard,Lafayette,,,
07849,0.0%,Standard,Lake Hopatcong,Lk Hopatcong,,
07851,0.1%,Standard,Layton,Sandyston,,
07827,3%,Standard,Montague,"Branchville, Sandyston",,
07860,17%,Standard,Newton,"Fredon, Fredon Township, Fredon Twp",,
07439,2%,Standard,Ogdensburg,,,
07871,14%,Standard,Sparta,,,
07874,6%,Standard,Stanhope,,,
07460,2%,Standard,Stockholm,Hardyston,"Cliffwood Lake, Gerard, Lake Stockholm, Lake Tamarack, Silver Lake",
07461,13%,Standard,Sussex,Wantage,"Beemerville, Colesville, High Point, High Point Park, Wallkill Lake, Wantage Twp",
07462,5%,Standard,Vernon,,,
07881,0.0%,Standard,Wallpack Center,Wallpack Ctr,,
08801,7%,Standard,Annandale,,,
08802,2%,Standard,Asbury,,,
08804,2%,Standard,Bloomsbury,,,
07830,4%,Standard,Califon,"Tewksbury Township, Tewksbury Twp",,
08809,5%,Standard,Clinton,,,
08822,24%,Standard,Flemington,,,
08825,4%,Standard,Frenchtown,,,
08826,5%,Standard,Glen Gardner,,,
08827,3%,Standard,Hampton,,,
08829,3%,Standard,High Bridge,,,
08525,0.5%,Standard,Hopewell,,"Hopewell Township, Hopewell Twp",
08530,6%,Standard,Lambertville,,West Amwell,
08833,7%,Standard,Lebanon,,,
08848,7%,Standard,Milford,,,
08853,0.5%,Standard,Neshanic Station,"Branchburg, Neshanic Sta",,
08858,0.1%,PO Box,Oldwick,,,
08867,4%,Standard,Pittstown,,,
07865,0.3%,Standard,Port Murray,,,
07979,0.3%,PO Box,Pottersville,,,
08551,4%,Standard,Ringoes,,"East Amwell, East Amwell Township, East Amwell Twp",
08876,0.2%,Standard,Somerville,"Branchburg, North Branch","Finderne, South Branch",
08559,4%,Standard,Stockton,,,
08887,0.9%,Standard,Three Bridges,,,
07882,0.2%,Standard,Washington,,,
08889,8%,Standard,Whitehouse Station,White Hse Sta,White House Station,
07920,8%,Standard,Basking Ridge,,,
07921,2%,Standard,Bedminster,,,
08502,4%,Standard,Belle Mead,,Montgomery,
07924,2%,Standard,Bernardsville,,,
08805,4%,Standard,Bound Brook,,Bound Brk,
08807,12%,Standard,Bridgewater,,,
08812,2%,Standard,Dunellen,Green Brook,,
07931,0.8%,Standard,Far Hills,,,
08821,0.1%,PO Box,Flagtown,,,
08823,3%,Standard,Franklin Park,,,
07934,0.5%,Standard,Gladstone,,,
08844,12%,Standard,Hillsborough,,Millstone,
08528,0.1%,Standard,Kingston,,,
07939,0.1%,Standard,Lyons,Basking Ridge,,
08835,3%,Standard,Manville,,,
08836,1%,Standard,Martinsville,,,
08853,1%,Standard,Neshanic Station,"Branchburg, Neshanic Sta",,
07977,0.2%,PO Box,Peapack,,,
07060,5%,Standard,Plainfield,"N Plainfield, North Plainfield",Muhlenberg,
07062,0.3%,Standard,Plainfield,"N Plainfield, North Plainfield",,
07063,1.0%,Standard,Plainfield,"N Plainfield, North Plainfield",,
07979,0.1%,PO Box,Pottersville,,,
08540,2%,Standard,Princeton,,"Princeton Township, Princeton Twp",
08869,2%,Standard,Raritan,,,
08553,0.2%,Standard,Rocky Hill,,,
08558,2%,Standard,Skillman,,Montgomery,
08873,15%,Standard,Somerset,,"East Millstone, Franklin Twp, Middlebush, Zarepath",
08876,7%,Standard,Somerville,"Branchburg, North Branch","Finderne, South Branch",
08880,1%,Standard,South Bound Brook,S Bound Brook,,
07059,5%,Standard,Warren,,,
07069,2%,Standard,Watchung,Plainfield,,
08890,0.0%,PO Box,Zarephath,,,
07001,2%,Standard,Avenel,,,
07008,3%,Standard,Carteret,,West Carteret,
07721,0.0%,Standard,Cliffwood,,,
07067,2%,Standard,Colonia,,,
08512,0.6%,Standard,Cranbury,East Windsor,E Windsor,
08810,1.0%,Standard,Dayton,,South Brunswick,
08812,0.9%,Standard,Dunellen,Green Brook,,
08816,6%,Standard,East Brunswick,E Brunswick,,
08817,6%,Standard,Edison,,,
08820,5%,Standard,Edison,,,
08837,2%,Standard,Edison,,Menlo Park,
08863,2%,Standard,Fords,Perth Amboy,,
08828,0.3%,Standard,Helmetta,,,
08904,2%,Standard,Highland Park,New Brunswick,,
08830,2%,Standard,Iselin,,,
08832,0.4%,Standard,Keasbey,,,
08824,2%,Standard,Kendall Park,,,
07735,0.3%,Standard,Keyport,Union Beach,"Cliffwood Bch, Cliffwood Beach",
08528,0.0%,Standard,Kingston,,,
07747,1%,Standard,Matawan,Aberdeen,Strathmore,
08840,2%,Standard,Metuchen,,,
08846,2%,Standard,Middlesex,,,
08850,1.0%,Standard,Milltown,,,
08852,2%,Standard,Monmouth Junction,Monmouth Jct,,
08831,6%,Standard,Monroe Township,"Jamesburg, Monroe, Monroe Twp",,
08901,7%,Standard,New Brunswick,,,
08902,5%,Standard,North Brunswick,"N Brunswick, New Brunswick",,
08857,5%,Standard,Old Bridge,,,
08859,3%,Standard,Parlin,,,
08861,7%,Standard,Perth Amboy,Hopelawn,,
08854,7%,Standard,Piscataway,,,
08536,3%,Standard,Plainsboro,,,
07064,0.5%,Standard,Port Reading,,,
08540,0.8%,Standard,Princeton,,"Princeton Township, Princeton Twp",
08872,2%,Standard,Sayreville,,,
07077,0.3%,Standard,Sewaren,,,
08879,3%,Standard,South Amboy,"Laurence Harbor, Laurence Hbr",Morgan,
07080,3%,Standard,South Plainfield,S Plainfield,,
08882,2%,Standard,South River,,,
08884,1.0%,Standard,Spotswood,,,
07095,3%,Standard,Woodbridge,,,
07711,0.2%,Standard,Allenhurst,"Loch Arbour, W Allenhurst, West Allenhurst",,
08501,0.9%,Standard,Allentown,,Upper Freehold,
08720,0.1%,PO Box,Allenwood,,,
07712,6%,Standard,Asbury Park,"Interlaken, Ocean, Tinton Falls","Wanamassa, Wayside",
07716,1%,Standard,Atlantic Highlands,Atlantic Hlds,Atlantic Hl,
07717,0.3%,Standard,Avon By The Sea,Avon By Sea,Avon,
07718,1.0%,Standard,Belford,,,
07719,3%,Standard,Belmar,"Lake Como, Wall, Wall Township","S Belmar, Shark River Manor, South Belmar, W Belmar, Wall Twp, West Belmar",
07720,0.7%,Standard,Bradley Beach,,,
08724,0.0%,Standard,Brick,Wall Township,"Bricktown, Wall, Wall Twp",
08730,0.8%,Standard,Brielle,,,
07721,0.5%,Standard,Cliffwood,,,
07722,2%,Standard,Colts Neck,,"Earle Naval Weapons Station, Phalanx, Vanderburg",
08514,0.4%,Standard,Cream Ridge,,"Creamridge, Upper Freehold Township",
07723,0.2%,Standard,Deal,,Deal Park,
07724,3%,Standard,Eatontown,Tinton Falls,"Monmouth, Shrewsbury Township, Vail Homes",
07726,7%,Standard,Englishtown,Manalapan,,
07704,1.0%,Standard,Fair Haven,Red Bank,,
07727,1%,Standard,Farmingdale,"Tinton Falls, Wall Township","Wall, Wall Twp",
07703,0.1%,Standard,Fort Monmouth,Red Bank,,
07728,9%,Standard,Freehold,,"East Freehold, Georgia, Jerseyville, Millhurst",
07730,3%,Standard,Hazlet,,,
07732,0.8%,Standard,Highlands,Sandy Hook,"Gateway National Recreation, Monmouth Hills",
07733,3%,Standard,Holmdel,,Holmdel Village,
07731,6%,Standard,Howell,Wall Township,"Wall, Wall Twp",
07734,2%,Standard,Keansburg,,"East Keansburg, Ideal Beach, W Keansburg, West Keansburg",
07735,3%,Standard,Keyport,Union Beach,"Cliffwood Bch, Cliffwood Beach",
07737,0.7%,Standard,Leonardo,,,
07738,1.0%,Standard,Lincroft,,,
07739,0.9%,Standard,Little Silver,,Little Silver Point,
07740,5%,Standard,Long Branch,,"Elberon, West End",
08736,2%,Standard,Manasquan,,"Wall, Wall Township, Wall Twp",
07746,3%,Standard,Marlboro,,Bradevelt,
07747,3%,Standard,Matawan,Aberdeen,Strathmore,
07748,4%,Standard,Middletown,"N Middletown, New Monmouth, North Middletown",,
08510,0.8%,Standard,Millstone Township,"Clarksburg, Millstone Twp",Millstone,
08535,0.9%,Standard,Millstone Township,"Millstone Twp, Perrineville",Millstone,
07750,0.5%,Standard,Monmouth Beach,Monmouth Bch,,
07751,3%,Standard,Morganville,,,
07753,6%,Standard,Neptune,"Neptune City, Tinton Falls, Wall Township","Shark River Hills, Wall",
07755,1.0%,Standard,Oakhurst,,Elberon Park,
07756,0.5%,Standard,Ocean Grove,,,
07757,0.8%,Standard,Oceanport,,"Monmouth Park, Port-au-peck, Sands Point",
07758,0.8%,Standard,Port Monmouth,,Cedar Beach,
07701,4%,Standard,Red Bank,Tinton Falls,Westboro,
08555,0.1%,PO Box,Roosevelt,,,
07760,2%,Standard,Rumson,"Locust, Sea Bright",,
08750,0.6%,Standard,Sea Girt,,"Wall, Wall Township, Wall Twp",
07702,0.6%,Standard,Shrewsbury,Red Bank,,
07762,1%,Standard,Spring Lake,,"Spring Heights, Spring Lake Heights, Wall, Wall Township, Wall Twp",
08691,0.0%,Standard,Trenton,"Hamilton, Robbinsville","Hamilton Township, Hamilton Twp, Uppr Free Twp",
07764,1%,Standard,West Long Branch,W Long Branch,,
08005,4%,Standard,Barnegat,,"Barnegat Township, Warren Grove",
08006,0.1%,PO Box,Barnegat Light,Barnegat Lgt,Barnegat Light Boro,
08721,4%,Standard,Bayville,,"Berkeley Township, Berkeley Twp",
08008,1%,Standard,Beach Haven,"Harvey Cedars, Long Bch Twp, Long Beach, Long Beach Township, Ship Bottom, Surf City","Brant Beach, Harvey Cedars Boro, High Bar Harbor, Loveladies, North Beach, Ship Bottom Boro, Surf City Boro",
08722,2%,Standard,Beachwood,,,
08723,6%,Standard,Brick,Osbornville,Bricktown,
08724,7%,Standard,Brick,Wall Township,"Bricktown, Wall, Wall Twp",
08514,0.3%,Standard,Cream Ridge,,"Creamridge, Upper Freehold Township",
08731,4%,Standard,Forked River,,Lacey,
08732,0.3%,PO Box,Island Heights,Island Hgts,,
08527,9%,Standard,Jackson,,"Jackson Township, Jackson Twp",
08733,0.5%,Standard,Lakehurst,"Lakehurst Nae, Lakehurst Naec","Manchester, Manchester Township, Manchester Twp",
08701,16%,Standard,Lakewood,,,
08734,1%,Standard,Lanoka Harbor,,Lacey Township,
08735,0.5%,Standard,Lavallette,,,
08050,4%,Standard,Manahawkin,"Stafford Township, Stafford Twp","Beach Haven West, Cedar Bonnet Island",
08759,6%,Standard,Manchester Township,"Lakehurst, Manchester, Manchester Tw, Whiting",,
08738,0.2%,Standard,Mantoloking,,,
08533,1%,Standard,New Egypt,,"Plumsted, Plumsted Township, Plumsted Twp",
08740,0.3%,PO Box,Ocean Gate,,,
08741,0.4%,Standard,Pine Beach,,,
08742,4%,Standard,Point Pleasant Beach,"Bay Head, Point Pleasant Boro, Pt Pleas Bch, Pt Pleasant, Pt Pleasant B, Pt Pleasant Beach",Point Pleasant,
08751,0.7%,Standard,Seaside Heights,Seaside Hgts,"Ortley Beach, Pelican Island",
08752,0.4%,Standard,Seaside Park,,"S Seaside Pk, South Seaside Park",
08753,11%,Standard,Toms River,,"Berkeley, Dover Township, Dover Twp",
08755,4%,Standard,Toms River,,,
08757,6%,Standard,Toms River,,"Berkeley, Berkeley Township, Berkeley Twp, S Toms River, South Toms River",
08087,4%,Standard,Tuckerton,"Little Egg Harbor, Little Egg Harbor Twp, Ltl Egg Hbr, Mystic Islands, Mystic Islnds","Leh, Parkertown, Tuckerton Boro, West Tuckerton",
08758,1%,Standard,Waretown,,,
08092,0.6%,Standard,West Creek,,"Cedar Run, Eagleswood Township, Mayetta, Staffordville",
08501,0.1%,Standard,Allentown,,Upper Freehold,
08512,1%,Standard,Cranbury,East Windsor,E Windsor,
08520,8%,Standard,Hightstown,East Windsor,E Windsor,
08525,1%,Standard,Hopewell,,"Hopewell Township, Hopewell Twp",
08530,0.1%,Standard,Lambertville,,West Amwell,
08648,9%,Standard,Lawrence Township,"Lawrence, Lawrence Twp, Lawrenceville, Trenton",,
08534,4%,Standard,Pennington,,,
08540,9%,Standard,Princeton,,"Princeton Township, Princeton Twp",
08542,1%,Standard,Princeton,,,
08550,5%,Standard,Princeton Junction,"Princeton Jct, West Windsor","W Windsor, W Windsor Township, West Win Tow",
08558,0.0%,Standard,Skillman,,Montgomery,
08560,1.0%,Standard,Titusville,Ewing,,
08608,0.3%,Standard,Trenton,,,
08609,4%,Standard,Trenton,Hamilton,,
08610,8%,Standard,Trenton,Hamilton,"Hamilton Township, Hamilton Twp",
08611,8%,Standard,Trenton,Hamilton,"Hamilton Township, Hamilton Twp",
08618,10%,Standard,Trenton,Ewing,"Ewing Township, Ewing Twp",
08619,6%,Standard,Trenton,"Hamilton, Mercerville","Hamilton Township, Hamilton Twp",
08620,3%,Standard,Trenton,Hamilton,"Groveville, Hamilton Township, Hamilton Twp",
08628,3%,Standard,Trenton,"Ewing, West Trenton","Ewing Township, Ewing Twp",
08629,3%,Standard,Trenton,Hamilton,"Hamilton Township, Hamilton Twp",
08638,6%,Standard,Trenton,Ewing,"Ewing Township, Ewing Twp",
08690,5%,Standard,Trenton,"Hamilton, Hamilton Sq, Hamilton Square","Hamilton Township, Hamilton Twp",
08691,4%,Standard,Trenton,"Hamilton, Robbinsville","Hamilton Township, Hamilton Twp, Uppr Free Twp",
08561,0.1%,PO Box,Windsor,,,
06801,2%,Standard,Bethel,,,
06604,3%,Standard,Bridgeport,,,
06605,3%,Standard,Bridgeport,,,
06606,5%,Standard,Bridgeport,,,
06607,0.9%,Standard,Bridgeport,,,
06608,2%,Standard,Bridgeport,,,
06610,3%,Standard,Bridgeport,,,
06804,2%,Standard,Brookfield,Brookfld Ctr,Brookfield Center,
06807,0.8%,Standard,Cos Cob,,,
06810,5%,Standard,Danbury,,,
06811,3%,Standard,Danbury,,,
06820,2%,Standard,Darien,,"Noroton, Noroton Heights, Tokeneke",
06612,0.8%,Standard,Easton,,,
06824,4%,Standard,Fairfield,,,
06825,2%,Standard,Fairfield,,,
06830,3%,Standard,Greenwich,,Belle Haven,
06831,2%,Standard,Greenwich,,Glenville,
06468,2%,Standard,Monroe,,"Stepney, Upper Stepney",
06840,2%,Standard,New Canaan,,,
06812,2%,Standard,New Fairfield,,,
06776,0.0%,Standard,New Milford,,Northville,
06470,2%,Standard,Newtown,,,
06850,2%,Standard,Norwalk,,,
06851,3%,Standard,Norwalk,,,
06853,0.4%,Standard,Norwalk,,Rowayton,
06854,3%,Standard,Norwalk,,South Norwalk,
06855,0.9%,Standard,Norwalk,,East Norwalk,
06856,0.0%,PO Box,Norwalk,,,
06870,0.8%,Standard,Old Greenwich,,,
06896,1.0%,Standard,Redding,West Redding,,
06877,3%,Standard,Ridgefield,,,
06878,0.9%,Standard,Riverside,,,
06482,1%,Standard,Sandy Hook,,,
06484,4%,Standard,Shelton,Huntington,,
06784,0.4%,Standard,Sherman,,,
06890,0.5%,Standard,Southport,,,
06901,0.7%,Standard,Stamford,,,
06902,7%,Standard,Stamford,,,
06903,2%,Standard,Stamford,,,
06905,2%,Standard,Stamford,Ridgeway,,
06906,1.0%,Standard,Stamford,,Glenbrook,
06907,1.0%,Standard,Stamford,,Springdale,
06614,4%,Standard,Stratford,,,
06615,2%,Standard,Stratford,,,
06611,4%,Standard,Trumbull,,,
06883,1%,Standard,Weston,,,
06880,3%,Standard,Westport,,Saugatuck,
06897,2%,Standard,Wilton,,,
06401,2%,Standard,Ansonia,,,
06403,0.7%,Standard,Beacon Falls,,,
06524,0.6%,Standard,Bethany,New Haven,,
06405,3%,Standard,Branford,,,
06410,3%,Standard,Cheshire,,,
06418,2%,Standard,Derby,,,
06512,4%,Standard,East Haven,New Haven,N Haven,
06437,3%,Standard,Guilford,,,
06514,3%,Standard,Hamden,New Haven,N Haven,
06517,2%,Standard,Hamden,"New Haven, Whitneyville",,
06518,2%,Standard,Hamden,New Haven,"Centerville-mount Carmel, Mount Carmel, N Haven",
06443,2%,Standard,Madison,,,
06450,4%,Standard,Meriden,,,
06451,3%,Standard,Meriden,,,
06762,0.9%,Standard,Middlebury,,,
06460,4%,Standard,Milford,,,
06461,2%,Standard,Milford,,,
06770,4%,Standard,Naugatuck,,Union City,
06510,0.3%,Standard,New Haven,,N Haven,
06511,6%,Standard,New Haven,Hamden,N Haven,
06513,5%,Standard,New Haven,East Haven,"E Haven, Fair Haven, N Haven",
06515,2%,Standard,New Haven,,"N Haven, Westville",
06519,2%,Standard,New Haven,,N Haven,
06471,0.9%,Standard,North Branford,N Branford,,
06473,3%,Standard,North Haven,,No Haven,
06472,0.8%,Standard,Northford,,,
06477,2%,Standard,Orange,,,
06478,2%,Standard,Oxford,Seymour,,
06712,1%,Standard,Prospect,Waterbury,,
06483,2%,Standard,Seymour,,,
06488,2%,Standard,Southbury,,,
06492,5%,Standard,Wallingford,Yalesville,,
06702,0.4%,Standard,Waterbury,,Wtby,
06704,3%,Standard,Waterbury,,"Plaza, Wtby",
06705,3%,Standard,Waterbury,Wolcott,"East End, Wtby",
06706,2%,Standard,Waterbury,,Wtby,
06708,3%,Standard,Waterbury,,Wtby,
06710,1%,Standard,Waterbury,,Wtby,
06516,6%,Standard,West Haven,W Haven,"Allingtown, N Haven, New Haven",
06716,2%,Standard,Wolcott,Waterbury,,
06525,1.0%,Standard,Woodbridge,,N Haven,
10910,0.0%,PO Box,Arden,,,
10911,0.0%,Standard,Bear Mountain,,,
10914,0.1%,PO Box,Blooming Grove,"Blooming Grv, S Bloomng Grv",,
12721,0.4%,Standard,Bloomingburg,,,
10915,0.0%,PO Box,Bullville,,,
10916,1%,Standard,Campbell Hall,,Camp Bell Hall,
10917,0.5%,Standard,Central Valley,Central Vly,,
10918,3%,Standard,Chester,,,
10919,0.3%,Standard,Circleville,,,
12518,2%,Standard,Cornwall,,,
12520,0.8%,Standard,Cornwall On Hudson,Cornwall Hdsn,"Cornwall Hud, Cornwall Hudson, Cornwall On The Hudson",
12729,0.5%,Standard,Cuddebackville,"Cuddebackvlle, Godeffroy",,
10921,1%,Standard,Florida,,,
10922,0.4%,PO Box,Fort Montgomery,Ft Montgomery,,
10924,4%,Standard,Goshen,,,
10925,1%,Standard,Greenwood Lake,Greenwood Lk,,
10926,0.9%,Standard,Harriman,,,
10928,1%,Standard,Highland Falls,Highland Fls,,
10930,2%,Standard,Highland Mills,Highland Mls,,
10932,0.0%,PO Box,Howells,,,
12746,0.3%,Standard,Huguenot,,,
10933,0.1%,PO Box,Johnson,,,
12542,0.1%,Standard,Marlboro,,Marlborough,
12543,0.8%,Standard,Maybrook,,,
10940,13%,Standard,Middletown,"Scotchtown, Scotchtown Branch",,
10941,4%,Standard,Middletown,"Scotchtown, Scotchtown Branch",,
10950,13%,Standard,Monroe,Kiryas Joel,S Bloomng Grv,
12549,3%,Standard,Montgomery,,,
10953,0.1%,PO Box,Mountainville,,,
10958,0.9%,Standard,New Hampton,,,
12553,7%,Standard,New Windsor,Newburgh,,
12550,15%,Standard,Newburgh,,"Balmville, Town Branch",
10963,1%,Standard,Otisville,,,
12566,1%,Standard,Pine Bush,,,
10969,0.3%,Standard,Pine Island,,,
12771,4%,Standard,Port Jervis,,Pt Jervis,
12575,0.6%,Standard,Rock Tavern,,,
12577,0.5%,Standard,Salisbury Mills,Salisbury Mls,,
10973,0.6%,Standard,Slate Hill,,,
10975,0.1%,Standard,Southfields,,,
12780,0.6%,Standard,Sparrow Bush,Sparrowbush,,
10979,0.1%,PO Box,Sterling Forest,Sterling Frst,,
10985,0.0%,Standard,Thompson Ridge,Thompson Rdg,,
10987,0.9%,Standard,Tuxedo Park,,Tuxedo,
10988,0.2%,PO Box,Unionville,,,
12586,3%,Standard,Walden,,,
12589,0.9%,Standard,Wallkill,,,
10990,6%,Standard,Warwick,,,
10992,3%,Standard,Washingtonville,Washingtonvle,,
10996,2%,Standard,West Point,,"United States Military Acade, West Point Military Reservat",
12785,0.1%,PO Box,Westbrookville,"Port Jervis, Westbrookvlle",,
10998,0.8%,Standard,Westtown,,,
12404,2%,Standard,Accord,,"Leibhardt, Lyonsville, Mettacahonts, Whitfield",
12406,0.1%,Standard,Arkville,,,
12409,0.4%,Standard,Bearsville,Shady,,
12410,0.2%,Standard,Big Indian,Oliverea,,
12411,0.3%,Standard,Bloomington,,,
12412,0.4%,Standard,Boiceville,,,
12416,0.2%,Standard,Chichester,,,
12725,0.1%,Standard,Claryville,,,
12515,0.8%,Standard,Clintondale,,,
12417,0.3%,PO Box,Connelly,,,
12419,0.4%,Standard,Cottekill,,,
12420,0.2%,PO Box,Cragsmoor,,,
12428,4%,Standard,Ellenville,,,
12429,0.2%,PO Box,Esopus,,,
12525,2%,Standard,Gardiner,,,
12432,0.3%,PO Box,Glasco,,,
12433,0.3%,Standard,Glenford,,,
12740,0.2%,Standard,Grahamsville,Sundown,,
12435,0.2%,Standard,Greenfield Park,Greenfld Park,,
12440,1%,Standard,High Falls,,,
12528,7%,Standard,Highland,,,
12441,0.0%,PO Box,Highmount,,,
12443,2%,Standard,Hurley,,,
12446,3%,Standard,Kerhonkson,,Cherrytown,
12401,19%,Standard,Kingston,"Eddyville, Saint Remy",St Remy,
12448,0.2%,Standard,Lake Hill,,,
12449,2%,Standard,Lake Katrine,,,
12758,0.0%,Standard,Livingston Manor,"Lew Beach, Livingstn Mnr",,
12453,0.2%,PO Box,Malden On Hudson,Malden Hudson,"Malden, Mldn On Hdsn",
12455,0.0%,Standard,Margaretville,,,
12542,3%,Standard,Marlboro,,Marlborough,
12547,2%,Standard,Milton,,,
12548,0.8%,Standard,Modena,,,
12456,0.4%,Standard,Mount Marion,,Mount Merion Park,
12457,0.4%,Standard,Mount Tremper,,,
12458,2%,Standard,Napanoch,,,
12561,10%,Standard,New Paltz,,,
12461,0.9%,Standard,Olivebridge,Krumville,"Olive, Samsonville",
12464,0.6%,Standard,Phoenicia,,,
12566,3%,Standard,Pine Bush,,,
12465,0.1%,Standard,Pine Hill,,,
12466,1%,Standard,Port Ewen,,,
12471,0.1%,PO Box,Rifton,,,
12472,0.9%,Standard,Rosendale,,,
12475,0.2%,PO Box,Ruby,,,
12477,10%,Standard,Saugerties,,West Saugerties,
12480,0.3%,Standard,Shandaken,,,
12481,0.7%,Standard,Shokan,,,
12483,0.1%,PO Box,Spring Glen,,,
12484,2%,Standard,Stone Ridge,,The Vly,
12486,0.8%,Standard,Tillson,,,
12487,2%,Standard,Ulster Park,,,
12586,0.0%,Standard,Walden,,,
12589,8%,Standard,Wallkill,,,
12489,0.7%,PO Box,Wawarsing,,,
12490,0.1%,PO Box,West Camp,,,
12491,0.9%,Standard,West Hurley,,W Hurley,
12493,0.3%,PO Box,West Park,,,
12494,0.4%,Standard,West Shokan,,W Shokan,
12495,0.1%,Standard,Willow,,,
12498,3%,Standard,Woodstock,,,
12501,0.8%,Standard,Amenia,,,
12504,0.5%,PO Box,Annandale On Hudson,"Annandale, Red Hook",,
12507,0.1%,Standard,Barrytown,Red Hook,,
12508,7%,Standard,Beacon,,,
12512,0.0%,PO Box,Chelsea,,,
12514,1.0%,Standard,Clinton Corners,Clinton Cors,Clinton Crn,
12522,2%,Standard,Dover Plains,,,
12524,5%,Standard,Fishkill,,,
12527,0.0%,PO Box,Glenham,,,
12531,1.0%,Standard,Holmes,,"Homes, Whaley Lake",
12533,9%,Standard,Hopewell Junction,"East Fishkill, Hopewell, Hopewell Jct, Wiccopee",,
12538,5%,Standard,Hyde Park,,,
12540,3%,Standard,Lagrangeville,,La Grange,
12545,2%,Standard,Millbrook,,,
12546,1.0%,Standard,Millerton,,,
12564,3%,Standard,Pawling,,,
12567,0.8%,Standard,Pine Plains,,"Gallatin, Mount Ross, Shekomeko",
12569,3%,Standard,Pleasant Valley,Pleasant Vly,,
12601,15%,Standard,Poughkeepsie,,,
12603,14%,Standard,Poughkeepsie,Arlington,,
12604,0.2%,Unique,Poughkeepsie,,Vassar College,
12570,3%,Standard,Poughquag,,,
12571,3%,Standard,Red Hook,Milan,,
12572,3%,Standard,Rhinebeck,,,
12574,0.1%,PO Box,Rhinecliff,,,
12578,0.8%,Standard,Salt Point,,,
12580,2%,Standard,Staatsburg,,Staatsburgh,
12581,0.8%,Standard,Stanfordville,,,
12582,2%,Standard,Stormville,,,
12583,0.6%,Standard,Tivoli,,Nevis,
12585,0.3%,Standard,Verbank,,,
12590,12%,Standard,Wappingers Falls,"New Hamburg, Wappingers Fl",Wappinger,
12592,0.5%,Standard,Wassaic,,,
12594,1%,Standard,Wingdale,,,
06750,0.8%,Standard,Bantam,,Litchfield,
06063,2%,Standard,Barkhamsted,"Pleasant Valley, Pleasant Vly, Winsted",,
06751,2%,Standard,Bethlehem,,,
06752,0.9%,Standard,Bridgewater,,,
06018,2%,Standard,Canaan,,"No Canaan, North Canaan",
06021,0.2%,Standard,Colebrook,,Colbrook,
06754,0.9%,Standard,Cornwall Bridge,"Cornwall Brg, Warren",,
06024,0.3%,Standard,East Canaan,,,
06031,0.7%,Standard,Falls Village,,"Canaan, South Canaan",
06755,0.6%,Standard,Gaylordsville,,,
06756,2%,Standard,Goshen,,,
06791,3%,Standard,Harwinton,Torrington,,
06757,1%,Standard,Kent,,,
06758,0.2%,Standard,Lakeside,,Morris,
06039,1.0%,Standard,Lakeville,,Hotchkiss School,
06759,3%,Standard,Litchfield,,,
06763,1%,Standard,Morris,,,
06057,4%,Standard,New Hartford,,"Bakersville, Nepaug",
06776,14%,Standard,New Milford,,Northville,
06777,0.9%,Standard,New Preston Marble Dale,"New Preston, Warren, Washington Depot, Washington Dt","Marble Dale, New Preston Marbledale, New Preston-marble Dale, Washington",
06058,0.9%,Standard,Norfolk,,,
06059,0.0%,Standard,North Canton,,,
06778,0.7%,Standard,Northfield,Thomaston,Litchfield,
06779,4%,Standard,Oakville,Watertown,,
06061,0.1%,PO Box,Pine Meadow,,,
06782,1%,Standard,Plymouth,,,
06065,0.2%,Standard,Riverton,,,
06783,1%,Standard,Roxbury,,,
06068,0.8%,Standard,Salisbury,,,
06069,1%,Standard,Sharon,,"Sharon Valley, West Woods",
06784,0.1%,Standard,Sherman,,,
06785,0.4%,Standard,South Kent,,,
06786,5%,Standard,Terryville,,,
06787,4%,Standard,Thomaston,,Northfield,
06790,19%,Standard,Torrington,,,
06793,0.6%,Standard,Washington,"Washington Depot, Washington Dt",Washington Green,
06794,0.6%,Standard,Washington Depot,Washington Dt,Washington,
06708,0.0%,Standard,Waterbury,,Wtby,
06795,7%,Standard,Watertown,,Oakville,
06796,0.5%,Standard,West Cornwall,,Cornwall,
06098,7%,Standard,Winsted,"Winchester Center, Winchestr Ctr",Winchester,
06798,5%,Standard,Woodbury,,,